"DATE_NAME","GEOGRAPHY_NAME","CELL_NAME","OBS_VALUE"
"Jan 2004-Dec 2004","Glasgow City","T01:28 (Aged 16-64 - In employment : All People )",236600
"Jan 2004-Dec 2004","Glasgow City","T01:22 (Aged 16-64 - All : All People )",377400
"Jan 2004-Dec 2004","Scotland","T01:28 (Aged 16-64 - In employment : All People )",2388800
"Jan 2004-Dec 2004","Scotland","T01:22 (Aged 16-64 - All : All People )",3289200
"Apr 2004-Mar 2005","Glasgow City","T01:28 (Aged 16-64 - In employment : All People )",237800
"Apr 2004-Mar 2005","Glasgow City","T01:22 (Aged 16-64 - All : All People )",377800
"Apr 2004-Mar 2005","Scotland","T01:28 (Aged 16-64 - In employment : All People )",2397800
"Apr 2004-Mar 2005","Scotland","T01:22 (Aged 16-64 - All : All People )",3294400
"Jul 2004-Jun 2005","Glasgow City","T01:28 (Aged 16-64 - In employment : All People )",243400
"Jul 2004-Jun 2005","Glasgow City","T01:22 (Aged 16-64 - All : All People )",378200
"Jul 2004-Jun 2005","Scotland","T01:28 (Aged 16-64 - In employment : All People )",2396800
"Jul 2004-Jun 2005","Scotland","T01:22 (Aged 16-64 - All : All People )",3299500
"Oct 2004-Sep 2005","Glasgow City","T01:28 (Aged 16-64 - In employment : All People )",240100
"Oct 2004-Sep 2005","Glasgow City","T01:22 (Aged 16-64 - All : All People )",379000
"Oct 2004-Sep 2005","Scotland","T01:28 (Aged 16-64 - In employment : All People )",2404000
"Oct 2004-Sep 2005","Scotland","T01:22 (Aged 16-64 - All : All People )",3305000
"Jan 2005-Dec 2005","Glasgow City","T01:28 (Aged 16-64 - In employment : All People )",243100
"Jan 2005-Dec 2005","Glasgow City","T01:22 (Aged 16-64 - All : All People )",379100
"Jan 2005-Dec 2005","Scotland","T01:28 (Aged 16-64 - In employment : All People )",2415500
"Jan 2005-Dec 2005","Scotland","T01:22 (Aged 16-64 - All : All People )",3310500
"Apr 2005-Mar 2006","Glasgow City","T01:28 (Aged 16-64 - In employment : All People )",237500
"Apr 2005-Mar 2006","Glasgow City","T01:22 (Aged 16-64 - All : All People )",378800
"Apr 2005-Mar 2006","Scotland","T01:28 (Aged 16-64 - In employment : All People )",2418200
"Apr 2005-Mar 2006","Scotland","T01:22 (Aged 16-64 - All : All People )",3316200
"Jul 2005-Jun 2006","Glasgow City","T01:28 (Aged 16-64 - In employment : All People )",234100
"Jul 2005-Jun 2006","Glasgow City","T01:22 (Aged 16-64 - All : All People )",378700
"Jul 2005-Jun 2006","Scotland","T01:28 (Aged 16-64 - In employment : All People )",2426600
"Jul 2005-Jun 2006","Scotland","T01:22 (Aged 16-64 - All : All People )",3320800
"Oct 2005-Sep 2006","Glasgow City","T01:28 (Aged 16-64 - In employment : All People )",236700
"Oct 2005-Sep 2006","Glasgow City","T01:22 (Aged 16-64 - All : All People )",380200
"Oct 2005-Sep 2006","Scotland","T01:28 (Aged 16-64 - In employment : All People )",2432900
"Oct 2005-Sep 2006","Scotland","T01:22 (Aged 16-64 - All : All People )",3326300
"Jan 2006-Dec 2006","Glasgow City","T01:28 (Aged 16-64 - In employment : All People )",238700
"Jan 2006-Dec 2006","Glasgow City","T01:22 (Aged 16-64 - All : All People )",381000
"Jan 2006-Dec 2006","Scotland","T01:28 (Aged 16-64 - In employment : All People )",2456300
"Jan 2006-Dec 2006","Scotland","T01:22 (Aged 16-64 - All : All People )",3331100
"Apr 2006-Mar 2007","Glasgow City","T01:28 (Aged 16-64 - In employment : All People )",242300
"Apr 2006-Mar 2007","Glasgow City","T01:22 (Aged 16-64 - All : All People )",382300
"Apr 2006-Mar 2007","Scotland","T01:28 (Aged 16-64 - In employment : All People )",2464700
"Apr 2006-Mar 2007","Scotland","T01:22 (Aged 16-64 - All : All People )",3338000
"Jul 2006-Jun 2007","Glasgow City","T01:28 (Aged 16-64 - In employment : All People )",247000
"Jul 2006-Jun 2007","Glasgow City","T01:22 (Aged 16-64 - All : All People )",383300
"Jul 2006-Jun 2007","Scotland","T01:28 (Aged 16-64 - In employment : All People )",2475600
"Jul 2006-Jun 2007","Scotland","T01:22 (Aged 16-64 - All : All People )",3345000
"Oct 2006-Sep 2007","Glasgow City","T01:28 (Aged 16-64 - In employment : All People )",248700
"Oct 2006-Sep 2007","Glasgow City","T01:22 (Aged 16-64 - All : All People )",383200
"Oct 2006-Sep 2007","Scotland","T01:28 (Aged 16-64 - In employment : All People )",2482400
"Oct 2006-Sep 2007","Scotland","T01:22 (Aged 16-64 - All : All People )",3351600
"Jan 2007-Dec 2007","Glasgow City","T01:28 (Aged 16-64 - In employment : All People )",248600
"Jan 2007-Dec 2007","Glasgow City","T01:22 (Aged 16-64 - All : All People )",384900
"Jan 2007-Dec 2007","Scotland","T01:28 (Aged 16-64 - In employment : All People )",2481900
"Jan 2007-Dec 2007","Scotland","T01:22 (Aged 16-64 - All : All People )",3359300
"Apr 2007-Mar 2008","Glasgow City","T01:28 (Aged 16-64 - In employment : All People )",255200
"Apr 2007-Mar 2008","Glasgow City","T01:22 (Aged 16-64 - All : All People )",386800
"Apr 2007-Mar 2008","Scotland","T01:28 (Aged 16-64 - In employment : All People )",2491100
"Apr 2007-Mar 2008","Scotland","T01:22 (Aged 16-64 - All : All People )",3364700
"Jul 2007-Jun 2008","Glasgow City","T01:28 (Aged 16-64 - In employment : All People )",258200
"Jul 2007-Jun 2008","Glasgow City","T01:22 (Aged 16-64 - All : All People )",387600
"Jul 2007-Jun 2008","Scotland","T01:28 (Aged 16-64 - In employment : All People )",2502300
"Jul 2007-Jun 2008","Scotland","T01:22 (Aged 16-64 - All : All People )",3369800
"Oct 2007-Sep 2008","Glasgow City","T01:28 (Aged 16-64 - In employment : All People )",258100
"Oct 2007-Sep 2008","Glasgow City","T01:22 (Aged 16-64 - All : All People )",389700
"Oct 2007-Sep 2008","Scotland","T01:28 (Aged 16-64 - In employment : All People )",2505700
"Oct 2007-Sep 2008","Scotland","T01:22 (Aged 16-64 - All : All People )",3373900
"Jan 2008-Dec 2008","Glasgow City","T01:28 (Aged 16-64 - In employment : All People )",253300
"Jan 2008-Dec 2008","Glasgow City","T01:22 (Aged 16-64 - All : All People )",390600
"Jan 2008-Dec 2008","Scotland","T01:28 (Aged 16-64 - In employment : All People )",2485000
"Jan 2008-Dec 2008","Scotland","T01:22 (Aged 16-64 - All : All People )",3378600
"Apr 2008-Mar 2009","Glasgow City","T01:28 (Aged 16-64 - In employment : All People )",251000
"Apr 2008-Mar 2009","Glasgow City","T01:22 (Aged 16-64 - All : All People )",392500
"Apr 2008-Mar 2009","Scotland","T01:28 (Aged 16-64 - In employment : All People )",2480100
"Apr 2008-Mar 2009","Scotland","T01:22 (Aged 16-64 - All : All People )",3382300
"Jul 2008-Jun 2009","Glasgow City","T01:28 (Aged 16-64 - In employment : All People )",252300
"Jul 2008-Jun 2009","Glasgow City","T01:22 (Aged 16-64 - All : All People )",393800
"Jul 2008-Jun 2009","Scotland","T01:28 (Aged 16-64 - In employment : All People )",2465100
"Jul 2008-Jun 2009","Scotland","T01:22 (Aged 16-64 - All : All People )",3386700
"Oct 2008-Sep 2009","Glasgow City","T01:28 (Aged 16-64 - In employment : All People )",250900
"Oct 2008-Sep 2009","Glasgow City","T01:22 (Aged 16-64 - All : All People )",394000
"Oct 2008-Sep 2009","Scotland","T01:28 (Aged 16-64 - In employment : All People )",2452800
"Oct 2008-Sep 2009","Scotland","T01:22 (Aged 16-64 - All : All People )",3390400
"Jan 2009-Dec 2009","Glasgow City","T01:28 (Aged 16-64 - In employment : All People )",244600
"Jan 2009-Dec 2009","Glasgow City","T01:22 (Aged 16-64 - All : All People )",395700
"Jan 2009-Dec 2009","Scotland","T01:28 (Aged 16-64 - In employment : All People )",2443000
"Jan 2009-Dec 2009","Scotland","T01:22 (Aged 16-64 - All : All People )",3394000
"Apr 2009-Mar 2010","Glasgow City","T01:28 (Aged 16-64 - In employment : All People )",243400
"Apr 2009-Mar 2010","Glasgow City","T01:22 (Aged 16-64 - All : All People )",395300
"Apr 2009-Mar 2010","Scotland","T01:28 (Aged 16-64 - In employment : All People )",2423000
"Apr 2009-Mar 2010","Scotland","T01:22 (Aged 16-64 - All : All People )",3398700
"Jul 2009-Jun 2010","Glasgow City","T01:28 (Aged 16-64 - In employment : All People )",243700
"Jul 2009-Jun 2010","Glasgow City","T01:22 (Aged 16-64 - All : All People )",397900
"Jul 2009-Jun 2010","Scotland","T01:28 (Aged 16-64 - In employment : All People )",2417000
"Jul 2009-Jun 2010","Scotland","T01:22 (Aged 16-64 - All : All People )",3403200
"Oct 2009-Sep 2010","Glasgow City","T01:28 (Aged 16-64 - In employment : All People )",239100
"Oct 2009-Sep 2010","Glasgow City","T01:22 (Aged 16-64 - All : All People )",399100
"Oct 2009-Sep 2010","Scotland","T01:28 (Aged 16-64 - In employment : All People )",2420100
"Oct 2009-Sep 2010","Scotland","T01:22 (Aged 16-64 - All : All People )",3407000
"Jan 2010-Dec 2010","Glasgow City","T01:28 (Aged 16-64 - In employment : All People )",245700
"Jan 2010-Dec 2010","Glasgow City","T01:22 (Aged 16-64 - All : All People )",400300
"Jan 2010-Dec 2010","Scotland","T01:28 (Aged 16-64 - In employment : All People )",2422900
"Jan 2010-Dec 2010","Scotland","T01:22 (Aged 16-64 - All : All People )",3411800
"Apr 2010-Mar 2011","Glasgow City","T01:28 (Aged 16-64 - In employment : All People )",247800
"Apr 2010-Mar 2011","Glasgow City","T01:22 (Aged 16-64 - All : All People )",402400
"Apr 2010-Mar 2011","Scotland","T01:28 (Aged 16-64 - In employment : All People )",2426800
"Apr 2010-Mar 2011","Scotland","T01:22 (Aged 16-64 - All : All People )",3417800
"Jul 2010-Jun 2011","Glasgow City","T01:28 (Aged 16-64 - In employment : All People )",247100
"Jul 2010-Jun 2011","Glasgow City","T01:22 (Aged 16-64 - All : All People )",402700
"Jul 2010-Jun 2011","Scotland","T01:28 (Aged 16-64 - In employment : All People )",2425500
"Jul 2010-Jun 2011","Scotland","T01:22 (Aged 16-64 - All : All People )",3423100
"Oct 2010-Sep 2011","Glasgow City","T01:28 (Aged 16-64 - In employment : All People )",252200
"Oct 2010-Sep 2011","Glasgow City","T01:22 (Aged 16-64 - All : All People )",404800
"Oct 2010-Sep 2011","Scotland","T01:28 (Aged 16-64 - In employment : All People )",2417600
"Oct 2010-Sep 2011","Scotland","T01:22 (Aged 16-64 - All : All People )",3428400
"Jan 2011-Dec 2011","Glasgow City","T01:28 (Aged 16-64 - In employment : All People )",255700
"Jan 2011-Dec 2011","Glasgow City","T01:22 (Aged 16-64 - All : All People )",405600
"Jan 2011-Dec 2011","Scotland","T01:28 (Aged 16-64 - In employment : All People )",2420200
"Jan 2011-Dec 2011","Scotland","T01:22 (Aged 16-64 - All : All People )",3434100
"Apr 2011-Mar 2012","Glasgow City","T01:28 (Aged 16-64 - In employment : All People )",254800
"Apr 2011-Mar 2012","Glasgow City","T01:22 (Aged 16-64 - All : All People )",406300
"Apr 2011-Mar 2012","Scotland","T01:28 (Aged 16-64 - In employment : All People )",2416200
"Apr 2011-Mar 2012","Scotland","T01:22 (Aged 16-64 - All : All People )",3430700
"Jul 2011-Jun 2012","Glasgow City","T01:28 (Aged 16-64 - In employment : All People )",253700
"Jul 2011-Jun 2012","Glasgow City","T01:22 (Aged 16-64 - All : All People )",406500
"Jul 2011-Jun 2012","Scotland","T01:28 (Aged 16-64 - In employment : All People )",2423100
"Jul 2011-Jun 2012","Scotland","T01:22 (Aged 16-64 - All : All People )",3427100
"Oct 2011-Sep 2012","Glasgow City","T01:28 (Aged 16-64 - In employment : All People )",249700
"Oct 2011-Sep 2012","Glasgow City","T01:22 (Aged 16-64 - All : All People )",406600
"Oct 2011-Sep 2012","Scotland","T01:28 (Aged 16-64 - In employment : All People )",2418300
"Oct 2011-Sep 2012","Scotland","T01:22 (Aged 16-64 - All : All People )",3424000
"Jan 2012-Dec 2012","Glasgow City","T01:28 (Aged 16-64 - In employment : All People )",238000
"Jan 2012-Dec 2012","Glasgow City","T01:22 (Aged 16-64 - All : All People )",405900
"Jan 2012-Dec 2012","Scotland","T01:28 (Aged 16-64 - In employment : All People )",2412400
"Jan 2012-Dec 2012","Scotland","T01:22 (Aged 16-64 - All : All People )",3420100
"Apr 2012-Mar 2013","Glasgow City","T01:28 (Aged 16-64 - In employment : All People )",237000
"Apr 2012-Mar 2013","Glasgow City","T01:22 (Aged 16-64 - All : All People )",406700
"Apr 2012-Mar 2013","Scotland","T01:28 (Aged 16-64 - In employment : All People )",2413900
"Apr 2012-Mar 2013","Scotland","T01:22 (Aged 16-64 - All : All People )",3419200
"Jul 2012-Jun 2013","Glasgow City","T01:28 (Aged 16-64 - In employment : All People )",238800
"Jul 2012-Jun 2013","Glasgow City","T01:22 (Aged 16-64 - All : All People )",406000
"Jul 2012-Jun 2013","Scotland","T01:28 (Aged 16-64 - In employment : All People )",2406800
"Jul 2012-Jun 2013","Scotland","T01:22 (Aged 16-64 - All : All People )",3417800
"Oct 2012-Sep 2013","Glasgow City","T01:28 (Aged 16-64 - In employment : All People )",244200
"Oct 2012-Sep 2013","Glasgow City","T01:22 (Aged 16-64 - All : All People )",407100
"Oct 2012-Sep 2013","Scotland","T01:28 (Aged 16-64 - In employment : All People )",2409800
"Oct 2012-Sep 2013","Scotland","T01:22 (Aged 16-64 - All : All People )",3417000
"Jan 2013-Dec 2013","Glasgow City","T01:28 (Aged 16-64 - In employment : All People )",254600
"Jan 2013-Dec 2013","Glasgow City","T01:22 (Aged 16-64 - All : All People )",407100
"Jan 2013-Dec 2013","Scotland","T01:28 (Aged 16-64 - In employment : All People )",2418800
"Jan 2013-Dec 2013","Scotland","T01:22 (Aged 16-64 - All : All People )",3416300
"Apr 2013-Mar 2014","Glasgow City","T01:28 (Aged 16-64 - In employment : All People )",259500
"Apr 2013-Mar 2014","Glasgow City","T01:22 (Aged 16-64 - All : All People )",405700
"Apr 2013-Mar 2014","Scotland","T01:28 (Aged 16-64 - In employment : All People )",2435900
"Apr 2013-Mar 2014","Scotland","T01:22 (Aged 16-64 - All : All People )",3415300
"Jul 2013-Jun 2014","Glasgow City","T01:28 (Aged 16-64 - In employment : All People )",261100
"Jul 2013-Jun 2014","Glasgow City","T01:22 (Aged 16-64 - All : All People )",404600
"Jul 2013-Jun 2014","Scotland","T01:28 (Aged 16-64 - In employment : All People )",2451800
"Jul 2013-Jun 2014","Scotland","T01:22 (Aged 16-64 - All : All People )",3415400
"Oct 2013-Sep 2014","Glasgow City","T01:28 (Aged 16-64 - In employment : All People )",262500
"Oct 2013-Sep 2014","Glasgow City","T01:22 (Aged 16-64 - All : All People )",404800
"Oct 2013-Sep 2014","Scotland","T01:28 (Aged 16-64 - In employment : All People )",2467900
"Oct 2013-Sep 2014","Scotland","T01:22 (Aged 16-64 - All : All People )",3415500
"Jan 2014-Dec 2014","Glasgow City","T01:28 (Aged 16-64 - In employment : All People )",260600
"Jan 2014-Dec 2014","Glasgow City","T01:22 (Aged 16-64 - All : All People )",405800
"Jan 2014-Dec 2014","Scotland","T01:28 (Aged 16-64 - In employment : All People )",2478000
"Jan 2014-Dec 2014","Scotland","T01:22 (Aged 16-64 - All : All People )",3414600
"Apr 2014-Mar 2015","Glasgow City","T01:28 (Aged 16-64 - In employment : All People )",267500
"Apr 2014-Mar 2015","Glasgow City","T01:22 (Aged 16-64 - All : All People )",407400
"Apr 2014-Mar 2015","Scotland","T01:28 (Aged 16-64 - In employment : All People )",2490400
"Apr 2014-Mar 2015","Scotland","T01:22 (Aged 16-64 - All : All People )",3417300
"Jul 2014-Jun 2015","Glasgow City","T01:28 (Aged 16-64 - In employment : All People )",266000
"Jul 2014-Jun 2015","Glasgow City","T01:22 (Aged 16-64 - All : All People )",411400
"Jul 2014-Jun 2015","Scotland","T01:28 (Aged 16-64 - In employment : All People )",2492000
"Jul 2014-Jun 2015","Scotland","T01:22 (Aged 16-64 - All : All People )",3419700
"Oct 2014-Sep 2015","Glasgow City","T01:28 (Aged 16-64 - In employment : All People )",275600
"Oct 2014-Sep 2015","Glasgow City","T01:22 (Aged 16-64 - All : All People )",411900
"Oct 2014-Sep 2015","Scotland","T01:28 (Aged 16-64 - In employment : All People )",2500200
"Oct 2014-Sep 2015","Scotland","T01:22 (Aged 16-64 - All : All People )",3421500
"Jan 2015-Dec 2015","Glasgow City","T01:28 (Aged 16-64 - In employment : All People )",275900
"Jan 2015-Dec 2015","Glasgow City","T01:22 (Aged 16-64 - All : All People )",413300
"Jan 2015-Dec 2015","Scotland","T01:28 (Aged 16-64 - In employment : All People )",2502400
"Jan 2015-Dec 2015","Scotland","T01:22 (Aged 16-64 - All : All People )",3424100
"Apr 2015-Mar 2016","Glasgow City","T01:28 (Aged 16-64 - In employment : All People )",271400
"Apr 2015-Mar 2016","Glasgow City","T01:22 (Aged 16-64 - All : All People )",415800
"Apr 2015-Mar 2016","Scotland","T01:28 (Aged 16-64 - In employment : All People )",2497200
"Apr 2015-Mar 2016","Scotland","T01:22 (Aged 16-64 - All : All People )",3427200
"Jul 2015-Jun 2016","Glasgow City","T01:28 (Aged 16-64 - In employment : All People )",277000
"Jul 2015-Jun 2016","Glasgow City","T01:22 (Aged 16-64 - All : All People )",419800
"Jul 2015-Jun 2016","Scotland","T01:28 (Aged 16-64 - In employment : All People )",2499600
"Jul 2015-Jun 2016","Scotland","T01:22 (Aged 16-64 - All : All People )",3430100
"Oct 2015-Sep 2016","Glasgow City","T01:28 (Aged 16-64 - In employment : All People )",276000
"Oct 2015-Sep 2016","Glasgow City","T01:22 (Aged 16-64 - All : All People )",422700
"Oct 2015-Sep 2016","Scotland","T01:28 (Aged 16-64 - In employment : All People )",2499800
"Oct 2015-Sep 2016","Scotland","T01:22 (Aged 16-64 - All : All People )",3432500
"Jan 2016-Dec 2016","Glasgow City","T01:28 (Aged 16-64 - In employment : All People )",285500
"Jan 2016-Dec 2016","Glasgow City","T01:22 (Aged 16-64 - All : All People )",423300
"Jan 2016-Dec 2016","Scotland","T01:28 (Aged 16-64 - In employment : All People )",2506900
"Jan 2016-Dec 2016","Scotland","T01:22 (Aged 16-64 - All : All People )",3435500
"Apr 2016-Mar 2017","Glasgow City","T01:28 (Aged 16-64 - In employment : All People )",286700
"Apr 2016-Mar 2017","Glasgow City","T01:22 (Aged 16-64 - All : All People )",425800
"Apr 2016-Mar 2017","Scotland","T01:28 (Aged 16-64 - In employment : All People )",2522600
"Apr 2016-Mar 2017","Scotland","T01:22 (Aged 16-64 - All : All People )",3437300
"Jul 2016-Jun 2017","Glasgow City","T01:28 (Aged 16-64 - In employment : All People )",285700
"Jul 2016-Jun 2017","Glasgow City","T01:22 (Aged 16-64 - All : All People )",426600
"Jul 2016-Jun 2017","Scotland","T01:28 (Aged 16-64 - In employment : All People )",2522700
"Jul 2016-Jun 2017","Scotland","T01:22 (Aged 16-64 - All : All People )",3437900
"Oct 2016-Sep 2017","Glasgow City","T01:28 (Aged 16-64 - In employment : All People )",279400
"Oct 2016-Sep 2017","Glasgow City","T01:22 (Aged 16-64 - All : All People )",429200
"Oct 2016-Sep 2017","Scotland","T01:28 (Aged 16-64 - In employment : All People )",2539800
"Oct 2016-Sep 2017","Scotland","T01:22 (Aged 16-64 - All : All People )",3439200
"Jan 2017-Dec 2017","Glasgow City","T01:28 (Aged 16-64 - In employment : All People )",283300
"Jan 2017-Dec 2017","Glasgow City","T01:22 (Aged 16-64 - All : All People )",429600
"Jan 2017-Dec 2017","Scotland","T01:28 (Aged 16-64 - In employment : All People )",2554300
"Jan 2017-Dec 2017","Scotland","T01:22 (Aged 16-64 - All : All People )",3440800
"Apr 2017-Mar 2018","Glasgow City","T01:28 (Aged 16-64 - In employment : All People )",285500
"Apr 2017-Mar 2018","Glasgow City","T01:22 (Aged 16-64 - All : All People )",429500
"Apr 2017-Mar 2018","Scotland","T01:28 (Aged 16-64 - In employment : All People )",2555300
"Apr 2017-Mar 2018","Scotland","T01:22 (Aged 16-64 - All : All People )",3441000
"Jul 2017-Jun 2018","Glasgow City","T01:28 (Aged 16-64 - In employment : All People )",281600
"Jul 2017-Jun 2018","Glasgow City","T01:22 (Aged 16-64 - All : All People )",427000
"Jul 2017-Jun 2018","Scotland","T01:28 (Aged 16-64 - In employment : All People )",2564300
"Jul 2017-Jun 2018","Scotland","T01:22 (Aged 16-64 - All : All People )",3442100
"Oct 2017-Sep 2018","Glasgow City","T01:28 (Aged 16-64 - In employment : All People )",283400
"Oct 2017-Sep 2018","Glasgow City","T01:22 (Aged 16-64 - All : All People )",428000
"Oct 2017-Sep 2018","Scotland","T01:28 (Aged 16-64 - In employment : All People )",2557600
"Oct 2017-Sep 2018","Scotland","T01:22 (Aged 16-64 - All : All People )",3441900
"Jan 2018-Dec 2018","Glasgow City","T01:28 (Aged 16-64 - In employment : All People )",276500
"Jan 2018-Dec 2018","Glasgow City","T01:22 (Aged 16-64 - All : All People )",430300
"Jan 2018-Dec 2018","Scotland","T01:28 (Aged 16-64 - In employment : All People )",2549800
"Jan 2018-Dec 2018","Scotland","T01:22 (Aged 16-64 - All : All People )",3442700
"Apr 2018-Mar 2019","Glasgow City","T01:28 (Aged 16-64 - In employment : All People )",283400
"Apr 2018-Mar 2019","Glasgow City","T01:22 (Aged 16-64 - All : All People )",430400
"Apr 2018-Mar 2019","Scotland","T01:28 (Aged 16-64 - In employment : All People )",2564400
"Apr 2018-Mar 2019","Scotland","T01:22 (Aged 16-64 - All : All People )",3442200
"Jul 2018-Jun 2019","Glasgow City","T01:28 (Aged 16-64 - In employment : All People )",288400
"Jul 2018-Jun 2019","Glasgow City","T01:22 (Aged 16-64 - All : All People )",431100
"Jul 2018-Jun 2019","Scotland","T01:28 (Aged 16-64 - In employment : All People )",2570000
"Jul 2018-Jun 2019","Scotland","T01:22 (Aged 16-64 - All : All People )",3442800
"Oct 2018-Sep 2019","Glasgow City","T01:28 (Aged 16-64 - In employment : All People )",293200
"Oct 2018-Sep 2019","Glasgow City","T01:22 (Aged 16-64 - All : All People )",432500
"Oct 2018-Sep 2019","Scotland","T01:28 (Aged 16-64 - In employment : All People )",2573600
"Oct 2018-Sep 2019","Scotland","T01:22 (Aged 16-64 - All : All People )",3442300
"Jan 2019-Dec 2019","Glasgow City","T01:28 (Aged 16-64 - In employment : All People )",291900
"Jan 2019-Dec 2019","Glasgow City","T01:22 (Aged 16-64 - All : All People )",433500
"Jan 2019-Dec 2019","Scotland","T01:28 (Aged 16-64 - In employment : All People )",2574800
"Jan 2019-Dec 2019","Scotland","T01:22 (Aged 16-64 - All : All People )",3442200
"Apr 2019-Mar 2020","Glasgow City","T01:28 (Aged 16-64 - In employment : All People )",284600
"Apr 2019-Mar 2020","Glasgow City","T01:22 (Aged 16-64 - All : All People )",432100
"Apr 2019-Mar 2020","Scotland","T01:28 (Aged 16-64 - In employment : All People )",2564100
"Apr 2019-Mar 2020","Scotland","T01:22 (Aged 16-64 - All : All People )",3442500
"Jul 2019-Jun 2020","Glasgow City","T01:28 (Aged 16-64 - In employment : All People )",289200
"Jul 2019-Jun 2020","Glasgow City","T01:22 (Aged 16-64 - All : All People )",434400
"Jul 2019-Jun 2020","Scotland","T01:28 (Aged 16-64 - In employment : All People )",2554900
"Jul 2019-Jun 2020","Scotland","T01:22 (Aged 16-64 - All : All People )",3440600
"Oct 2019-Sep 2020","Glasgow City","T01:28 (Aged 16-64 - In employment : All People )",294500
"Oct 2019-Sep 2020","Glasgow City","T01:22 (Aged 16-64 - All : All People )",433800
"Oct 2019-Sep 2020","Scotland","T01:28 (Aged 16-64 - In employment : All People )",2539500
"Oct 2019-Sep 2020","Scotland","T01:22 (Aged 16-64 - All : All People )",3438800
"Jan 2020-Dec 2020","Glasgow City","T01:28 (Aged 16-64 - In employment : All People )",304800
"Jan 2020-Dec 2020","Glasgow City","T01:22 (Aged 16-64 - All : All People )",436800
"Jan 2020-Dec 2020","Scotland","T01:28 (Aged 16-64 - In employment : All People )",2523000
"Jan 2020-Dec 2020","Scotland","T01:22 (Aged 16-64 - All : All People )",3436800
"Apr 2020-Mar 2021","Glasgow City","T01:28 (Aged 16-64 - In employment : All People )",307000
"Apr 2020-Mar 2021","Glasgow City","T01:22 (Aged 16-64 - All : All People )",437900
"Apr 2020-Mar 2021","Scotland","T01:28 (Aged 16-64 - In employment : All People )",2500400
"Apr 2020-Mar 2021","Scotland","T01:22 (Aged 16-64 - All : All People )",3433900
"Jul 2020-Jun 2021","Glasgow City","T01:28 (Aged 16-64 - In employment : All People )",303200
"Jul 2020-Jun 2021","Glasgow City","T01:22 (Aged 16-64 - All : All People )",436400
"Jul 2020-Jun 2021","Scotland","T01:28 (Aged 16-64 - In employment : All People )",2478600
"Jul 2020-Jun 2021","Scotland","T01:22 (Aged 16-64 - All : All People )",3431800
"Oct 2020-Sep 2021","Glasgow City","T01:28 (Aged 16-64 - In employment : All People )",305500
"Oct 2020-Sep 2021","Glasgow City","T01:22 (Aged 16-64 - All : All People )",436200
"Oct 2020-Sep 2021","Scotland","T01:28 (Aged 16-64 - In employment : All People )",2499500
"Oct 2020-Sep 2021","Scotland","T01:22 (Aged 16-64 - All : All People )",3429800
"Jan 2021-Dec 2021","Glasgow City","T01:28 (Aged 16-64 - In employment : All People )",303600
"Jan 2021-Dec 2021","Glasgow City","T01:22 (Aged 16-64 - All : All People )",435400
"Jan 2021-Dec 2021","Scotland","T01:28 (Aged 16-64 - In employment : All People )",2507800
"Jan 2021-Dec 2021","Scotland","T01:22 (Aged 16-64 - All : All People )",3427200
"Apr 2021-Mar 2022","Glasgow City","T01:28 (Aged 16-64 - In employment : All People )",311800
"Apr 2021-Mar 2022","Glasgow City","T01:22 (Aged 16-64 - All : All People )",434000
"Apr 2021-Mar 2022","Scotland","T01:28 (Aged 16-64 - In employment : All People )",2532000
"Apr 2021-Mar 2022","Scotland","T01:22 (Aged 16-64 - All : All People )",3430300
"Jul 2021-Jun 2022","Glasgow City","T01:28 (Aged 16-64 - In employment : All People )",317600
"Jul 2021-Jun 2022","Glasgow City","T01:22 (Aged 16-64 - All : All People )",435200
"Jul 2021-Jun 2022","Scotland","T01:28 (Aged 16-64 - In employment : All People )",2555200
"Jul 2021-Jun 2022","Scotland","T01:22 (Aged 16-64 - All : All People )",3433400
"Oct 2021-Sep 2022","Glasgow City","T01:28 (Aged 16-64 - In employment : All People )",313600
"Oct 2021-Sep 2022","Glasgow City","T01:22 (Aged 16-64 - All : All People )",432900
"Oct 2021-Sep 2022","Scotland","T01:28 (Aged 16-64 - In employment : All People )",2558900
"Oct 2021-Sep 2022","Scotland","T01:22 (Aged 16-64 - All : All People )",3436300
"Jan 2022-Dec 2022","Glasgow City","T01:28 (Aged 16-64 - In employment : All People )",311100
"Jan 2022-Dec 2022","Glasgow City","T01:22 (Aged 16-64 - All : All People )",431300
"Jan 2022-Dec 2022","Scotland","T01:28 (Aged 16-64 - In employment : All People )",2559900
"Jan 2022-Dec 2022","Scotland","T01:22 (Aged 16-64 - All : All People )",3439500
"Apr 2022-Mar 2023","Glasgow City","T01:28 (Aged 16-64 - In employment : All People )",310100
"Apr 2022-Mar 2023","Glasgow City","T01:22 (Aged 16-64 - All : All People )",431400
"Apr 2022-Mar 2023","Scotland","T01:28 (Aged 16-64 - In employment : All People )",2572600
"Apr 2022-Mar 2023","Scotland","T01:22 (Aged 16-64 - All : All People )",3443200
"Jul 2022-Jun 2023","Glasgow City","T01:28 (Aged 16-64 - In employment : All People )",314100
"Jul 2022-Jun 2023","Glasgow City","T01:22 (Aged 16-64 - All : All People )",432300
"Jul 2022-Jun 2023","Scotland","T01:28 (Aged 16-64 - In employment : All People )",2579400
"Jul 2022-Jun 2023","Scotland","T01:22 (Aged 16-64 - All : All People )",3446400
"Oct 2022-Sep 2023","Glasgow City","T01:28 (Aged 16-64 - In employment : All People )",320000
"Oct 2022-Sep 2023","Glasgow City","T01:22 (Aged 16-64 - All : All People )",434600
"Oct 2022-Sep 2023","Scotland","T01:28 (Aged 16-64 - In employment : All People )",2596300
"Oct 2022-Sep 2023","Scotland","T01:22 (Aged 16-64 - All : All People )",3450900
"Jan 2023-Dec 2023","Glasgow City","T01:28 (Aged 16-64 - In employment : All People )",309000
"Jan 2023-Dec 2023","Glasgow City","T01:22 (Aged 16-64 - All : All People )",434100
"Jan 2023-Dec 2023","Scotland","T01:28 (Aged 16-64 - In employment : All People )",2581900
"Jan 2023-Dec 2023","Scotland","T01:22 (Aged 16-64 - All : All People )",3454000
"Apr 2023-Mar 2024","Glasgow City","T01:28 (Aged 16-64 - In employment : All People )",303500
"Apr 2023-Mar 2024","Glasgow City","T01:22 (Aged 16-64 - All : All People )",434900
"Apr 2023-Mar 2024","Scotland","T01:28 (Aged 16-64 - In employment : All People )",2565800
"Apr 2023-Mar 2024","Scotland","T01:22 (Aged 16-64 - All : All People )",3457300
"Jul 2023-Jun 2024","Glasgow City","T01:28 (Aged 16-64 - In employment : All People )",295500
"Jul 2023-Jun 2024","Glasgow City","T01:22 (Aged 16-64 - All : All People )",435600
"Jul 2023-Jun 2024","Scotland","T01:28 (Aged 16-64 - In employment : All People )",2573400
"Jul 2023-Jun 2024","Scotland","T01:22 (Aged 16-64 - All : All People )",3460700
"Oct 2023-Sep 2024","Glasgow City","T01:28 (Aged 16-64 - In employment : All People )",286800
"Oct 2023-Sep 2024","Glasgow City","T01:22 (Aged 16-64 - All : All People )",435500
"Oct 2023-Sep 2024","Scotland","T01:28 (Aged 16-64 - In employment : All People )",2557500
"Oct 2023-Sep 2024","Scotland","T01:22 (Aged 16-64 - All : All People )",3463900
"Jan 2024-Dec 2024","Glasgow City","T01:28 (Aged 16-64 - In employment : All People )",284200
"Jan 2024-Dec 2024","Glasgow City","T01:22 (Aged 16-64 - All : All People )",433500
"Jan 2024-Dec 2024","Scotland","T01:28 (Aged 16-64 - In employment : All People )",2573700
"Jan 2024-Dec 2024","Scotland","T01:22 (Aged 16-64 - All : All People )",3468100
"Apr 2024-Mar 2025","Glasgow City","T01:28 (Aged 16-64 - In employment : All People )",281700
"Apr 2024-Mar 2025","Glasgow City","T01:22 (Aged 16-64 - All : All People )",434000
"Apr 2024-Mar 2025","Scotland","T01:28 (Aged 16-64 - In employment : All People )",2569500
"Apr 2024-Mar 2025","Scotland","T01:22 (Aged 16-64 - All : All People )",3471200
"Jul 2024-Jun 2025","Glasgow City","T01:28 (Aged 16-64 - In employment : All People )",284200
"Jul 2024-Jun 2025","Glasgow City","T01:22 (Aged 16-64 - All : All People )",433500
"Jul 2024-Jun 2025","Scotland","T01:28 (Aged 16-64 - In employment : All People )",2573700
"Jul 2024-Jun 2025","Scotland","T01:22 (Aged 16-64 - All : All People )",3475300
"Oct 2024-Sep 2025","Glasgow City","T01:28 (Aged 16-64 - In employment : All People )",287800
"Oct 2024-Sep 2025","Glasgow City","T01:22 (Aged 16-64 - All : All People )",434200
"Oct 2024-Sep 2025","Scotland","T01:28 (Aged 16-64 - In employment : All People )",2587200
"Oct 2024-Sep 2025","Scotland","T01:22 (Aged 16-64 - All : All People )",3479100
"Jan 2025-Dec 2025","Glasgow City","T01:28 (Aged 16-64 - In employment : All People )",293100
"Jan 2025-Dec 2025","Glasgow City","T01:22 (Aged 16-64 - All : All People )",435000
"Jan 2025-Dec 2025","Scotland","T01:28 (Aged 16-64 - In employment : All People )",2602200
"Jan 2025-Dec 2025","Scotland","T01:22 (Aged 16-64 - All : All People )",3482200
"Apr 2025-Mar 2026","Glasgow City","T01:28 (Aged 16-64 - In employment : All People )",293000
"Apr 2025-Mar 2026","Glasgow City","T01:22 (Aged 16-64 - All : All People )",435800
"Apr 2025-Mar 2026","Scotland","T01:28 (Aged 16-64 - In employment : All People )",2600200
"Apr 2025-Mar 2026","Scotland","T01:22 (Aged 16-64 - All : All People )",3487400
