council,year,shoplifting_crimes,shoplifting_per_10000,other_theft_crimes,housebreaking_crimes,crisis_grant_applications,child_poverty_pct
Aberdeen City,2013-14,1773,78.7,3774,1171,5805,
Aberdeen City,2014-15,1976,87.4,3008,927,7220,18.7
Aberdeen City,2015-16,2343,103.4,2670,855,7750,19.5
Aberdeen City,2016-17,2232,99.0,2642,1056,10345,21.3
Aberdeen City,2017-18,1990,88.9,2147,728,10640,22.3
Aberdeen City,2018-19,1915,86.2,1839,457,11950,21.1
Aberdeen City,2019-20,1989,89.3,1787,344,13550,21.3
Aberdeen City,2020-21,1409,63.2,1570,428,16830,18.3
Aberdeen City,2021-22,1680,76.1,1900,385,14105,20.5
Aberdeen City,2022-23,1786,79.6,1877,347,16370,21.8
Aberdeen City,2023-24,2105,91.8,1672,335,17600,19.1
Aberdeen City,2024-25,2010,86.8,1715,269,16620,
Aberdeen City,2025-26,2469,106.5,1675,259,17720,
Aberdeenshire,2013-14,538,20.8,1721,697,2270,
Aberdeenshire,2014-15,546,20.9,1265,428,2570,15.6
Aberdeenshire,2015-16,640,24.3,1209,495,2420,16.6
Aberdeenshire,2016-17,757,28.8,1148,427,4065,17.4
Aberdeenshire,2017-18,745,28.3,946,317,4585,17.6
Aberdeenshire,2018-19,923,35.2,875,266,4840,15.7
Aberdeenshire,2019-20,799,30.6,806,259,5755,16.7
Aberdeenshire,2020-21,728,27.8,639,199,6050,14.2
Aberdeenshire,2021-22,698,26.5,682,186,7385,16.0
Aberdeenshire,2022-23,647,24.5,753,168,8700,16.5
Aberdeenshire,2023-24,729,27.6,603,186,7045,15.0
Aberdeenshire,2024-25,916,34.5,523,150,6700,
Aberdeenshire,2025-26,712,26.9,531,138,7255,
Angus,2013-14,594,51.2,768,282,2960,
Angus,2014-15,493,42.3,704,231,2515,21.1
Angus,2015-16,414,35.4,640,140,2195,21.9
Angus,2016-17,367,31.5,584,224,2330,23.6
Angus,2017-18,446,38.4,487,205,2375,24.1
Angus,2018-19,284,24.5,491,160,3300,23.3
Angus,2019-20,273,23.6,488,192,3630,24.0
Angus,2020-21,273,23.7,408,146,3495,20.6
Angus,2021-22,328,28.6,545,191,3770,24.2
Angus,2022-23,415,36.2,615,160,4275,24.9
Angus,2023-24,558,48.6,564,187,4010,24.1
Angus,2024-25,768,66.8,512,167,3715,
Angus,2025-26,756,65.8,504,155,3780,
Argyll and Bute,2013-14,168,19.0,564,169,1670,
Argyll and Bute,2014-15,168,19.0,489,152,1820,20.7
Argyll and Bute,2015-16,117,13.3,428,126,1465,22.2
Argyll and Bute,2016-17,138,15.6,333,101,1590,22.7
Argyll and Bute,2017-18,135,15.3,322,95,1500,23.9
Argyll and Bute,2018-19,140,16.0,330,141,1350,22.5
Argyll and Bute,2019-20,150,17.2,326,100,1500,23.3
Argyll and Bute,2020-21,83,9.5,234,84,1525,18.9
Argyll and Bute,2021-22,127,14.4,273,89,1495,21.7
Argyll and Bute,2022-23,177,20.1,279,68,1600,23.5
Argyll and Bute,2023-24,199,22.6,273,97,1450,21.2
Argyll and Bute,2024-25,228,26.0,231,62,1365,
Argyll and Bute,2025-26,207,23.6,264,54,1625,
City of Edinburgh,2013-14,3371,69.9,9960,4101,5760,
City of Edinburgh,2014-15,3138,64.7,9329,4943,6620,18.6
City of Edinburgh,2015-16,3499,71.4,7544,3924,8005,18.8
City of Edinburgh,2016-17,3757,75.7,7170,3380,8525,20.7
City of Edinburgh,2017-18,4223,84.4,8639,3190,11080,21.3
City of Edinburgh,2018-19,4760,94.5,7312,2631,11695,18.9
City of Edinburgh,2019-20,3969,78.1,7180,2142,15700,20.3
City of Edinburgh,2020-21,2597,50.9,4932,1694,32650,17.2
City of Edinburgh,2021-22,3040,60.1,5006,1463,30865,19.5
City of Edinburgh,2022-23,3557,69.1,5662,1449,31355,20.4
City of Edinburgh,2023-24,5747,109.6,5687,1543,28550,22.8
City of Edinburgh,2024-25,8007,150.8,5996,1306,25295,
City of Edinburgh,2025-26,10595,199.6,5517,1141,26145,
Clackmannanshire,2013-14,243,47.3,477,114,1305,
Clackmannanshire,2014-15,262,51.0,427,141,1295,24.2
Clackmannanshire,2015-16,198,38.4,390,117,855,25.5
Clackmannanshire,2016-17,228,44.2,299,100,1100,26.0
Clackmannanshire,2017-18,236,45.7,299,90,1460,27.3
Clackmannanshire,2018-19,302,58.6,400,95,2225,26.1
Clackmannanshire,2019-20,215,41.6,358,91,3290,27.3
Clackmannanshire,2020-21,160,31.1,270,87,3620,23.9
Clackmannanshire,2021-22,188,36.5,294,61,2560,28.3
Clackmannanshire,2022-23,334,64.5,264,67,2710,29.2
Clackmannanshire,2023-24,490,94.1,309,59,2270,28.5
Clackmannanshire,2024-25,483,92.8,224,41,1985,
Clackmannanshire,2025-26,354,67.9,205,62,2170,
Dumfries and Galloway,2013-14,493,32.8,882,289,3360,
Dumfries and Galloway,2014-15,371,24.8,904,266,3795,23.3
Dumfries and Galloway,2015-16,470,31.6,889,304,3685,25.3
Dumfries and Galloway,2016-17,440,29.7,812,254,4380,24.8
Dumfries and Galloway,2017-18,440,29.8,873,267,4700,26.4
Dumfries and Galloway,2018-19,582,39.6,1042,270,5925,25.0
Dumfries and Galloway,2019-20,672,45.7,1016,220,6850,26.7
Dumfries and Galloway,2020-21,405,27.7,920,211,8165,22.9
Dumfries and Galloway,2021-22,552,37.7,767,238,7080,26.0
Dumfries and Galloway,2022-23,605,41.5,649,194,8090,26.9
Dumfries and Galloway,2023-24,621,42.6,674,219,6515,22.7
Dumfries and Galloway,2024-25,572,39.2,690,192,6305,
Dumfries and Galloway,2025-26,626,42.9,703,191,6910,
Dundee City,2013-14,1371,93.0,1768,560,5920,
Dundee City,2014-15,1400,95.1,1571,436,6720,23.8
Dundee City,2015-16,1463,99.3,1687,563,5955,25.0
Dundee City,2016-17,1461,99.3,1649,455,6310,26.4
Dundee City,2017-18,1334,90.3,1516,488,5920,27.0
Dundee City,2018-19,1242,84.0,1360,470,5830,26.2
Dundee City,2019-20,1410,95.1,1485,453,5940,26.8
Dundee City,2020-21,905,61.1,1395,421,8615,22.5
Dundee City,2021-22,1071,73.0,1604,489,9675,27.1
Dundee City,2022-23,1668,112.4,1851,434,9440,28.2
Dundee City,2023-24,2182,145.4,1728,356,6530,26.1
Dundee City,2024-25,1896,126.4,1431,354,4795,
Dundee City,2025-26,3174,211.8,1741,310,4285,
East Ayrshire,2013-14,564,46.1,1101,530,4825,
East Ayrshire,2014-15,769,63.1,1071,472,4770,24.4
East Ayrshire,2015-16,820,67.4,975,453,6005,26.1
East Ayrshire,2016-17,691,56.8,839,332,5810,25.8
East Ayrshire,2017-18,681,56.2,773,240,5640,26.6
East Ayrshire,2018-19,754,62.5,734,254,6035,26.8
East Ayrshire,2019-20,939,77.7,843,308,5845,27.3
East Ayrshire,2020-21,556,46.2,760,226,5915,24.0
East Ayrshire,2021-22,592,49.1,718,198,6150,27.2
East Ayrshire,2022-23,657,54.6,600,170,6760,27.9
East Ayrshire,2023-24,833,69.0,547,148,5160,23.6
East Ayrshire,2024-25,931,76.7,498,142,5100,
East Ayrshire,2025-26,1101,90.6,475,139,5865,
East Dunbartonshire,2013-14,332,31.3,618,404,1125,
East Dunbartonshire,2014-15,244,22.8,635,396,1370,15.2
East Dunbartonshire,2015-16,335,31.2,474,262,1095,15.9
East Dunbartonshire,2016-17,329,30.5,521,343,1410,16.9
East Dunbartonshire,2017-18,334,30.8,428,224,1735,16.6
East Dunbartonshire,2018-19,356,32.8,511,234,1850,14.8
East Dunbartonshire,2019-20,295,27.1,398,202,2070,16.3
East Dunbartonshire,2020-21,256,23.5,331,135,3185,12.5
East Dunbartonshire,2021-22,233,21.4,323,59,2640,14.9
East Dunbartonshire,2022-23,340,31.2,312,113,3130,15.7
East Dunbartonshire,2023-24,372,34.0,254,72,3240,14.9
East Dunbartonshire,2024-25,431,39.2,218,77,3060,
East Dunbartonshire,2025-26,631,57.5,211,86,3645,
East Lothian,2013-14,344,33.7,848,321,1635,
East Lothian,2014-15,357,34.7,779,351,2150,21.9
East Lothian,2015-16,552,53.1,736,265,2440,22.5
East Lothian,2016-17,475,45.1,742,348,3300,23.4
East Lothian,2017-18,696,65.7,640,274,3285,24.7
East Lothian,2018-19,716,66.9,700,287,3485,22.7
East Lothian,2019-20,476,43.8,693,266,3945,24.5
East Lothian,2020-21,353,32.3,542,189,3965,18.9
East Lothian,2021-22,312,28.1,524,234,4410,21.1
East Lothian,2022-23,291,25.9,623,228,6400,21.3
East Lothian,2023-24,590,51.8,602,277,5110,22.1
East Lothian,2024-25,607,52.7,529,219,3795,
East Lothian,2025-26,830,72.0,633,239,3765,
East Renfrewshire,2013-14,135,14.7,526,255,265,
East Renfrewshire,2014-15,127,13.7,494,258,400,15.0
East Renfrewshire,2015-16,136,14.6,399,221,375,15.6
East Renfrewshire,2016-17,151,16.1,376,182,485,15.5
East Renfrewshire,2017-18,230,24.3,411,219,490,15.5
East Renfrewshire,2018-19,193,20.3,403,177,650,14.6
East Renfrewshire,2019-20,178,18.6,394,230,645,15.8
East Renfrewshire,2020-21,121,12.6,290,108,710,12.8
East Renfrewshire,2021-22,128,13.3,265,93,915,14.4
East Renfrewshire,2022-23,204,21.0,289,129,1310,14.0
East Renfrewshire,2023-24,241,24.4,213,77,1355,12.0
East Renfrewshire,2024-25,295,29.6,254,63,1470,
East Renfrewshire,2025-26,336,33.7,179,69,2035,
Falkirk,2013-14,707,45.0,1590,553,4180,
Falkirk,2014-15,617,39.2,1412,573,5700,22.7
Falkirk,2015-16,647,41.0,1112,433,5120,23.2
Falkirk,2016-17,670,42.2,1017,252,4635,23.5
Falkirk,2017-18,751,47.1,1021,266,4940,24.3
Falkirk,2018-19,839,52.7,895,320,5825,23.8
Falkirk,2019-20,833,52.2,923,403,5300,24.8
Falkirk,2020-21,594,37.4,727,195,5005,21.5
Falkirk,2021-22,573,36.1,764,188,4635,25.3
Falkirk,2022-23,779,49.2,871,231,4730,26.2
Falkirk,2023-24,1031,64.8,811,251,4565,25.1
Falkirk,2024-25,967,60.4,802,175,4490,
Falkirk,2025-26,1046,65.3,747,226,5395,
Fife,2013-14,2023,55.2,3242,1180,5485,
Fife,2014-15,2118,57.8,2754,983,9515,23.6
Fife,2015-16,1797,49.0,2463,767,10380,25.0
Fife,2016-17,1808,49.0,2395,687,11860,25.0
Fife,2017-18,2203,59.6,2334,701,13025,26.0
Fife,2018-19,2513,68.0,2209,755,18950,25.5
Fife,2019-20,2152,58.1,2034,728,26915,26.4
Fife,2020-21,1496,40.3,1767,492,30275,22.1
Fife,2021-22,1826,49.2,1936,508,28375,26.1
Fife,2022-23,2900,78.0,2457,638,30665,26.6
Fife,2023-24,3170,84.8,2200,748,26520,25.0
Fife,2024-25,3346,89.2,1908,508,25730,
Fife,2025-26,3902,104.1,1714,490,25670,
Glasgow City,2013-14,5708,96.4,10795,3474,12025,
Glasgow City,2014-15,5421,91.5,9941,2736,16615,27.1
Glasgow City,2015-16,5500,92.4,8188,2421,16765,29.5
Glasgow City,2016-17,5421,90.3,8961,2753,24215,29.6
Glasgow City,2017-18,5615,92.9,8607,2596,27360,30.9
Glasgow City,2018-19,5340,87.8,8516,2389,29180,31.0
Glasgow City,2019-20,4573,74.7,7862,2323,36160,32.2
Glasgow City,2020-21,2418,39.5,5379,1436,44480,29.4
Glasgow City,2021-22,2902,47.5,6478,1102,43890,32.0
Glasgow City,2022-23,4018,64.6,7647,1223,51080,32.9
Glasgow City,2023-24,5553,87.0,6546,1205,42525,36.1
Glasgow City,2024-25,7475,115.0,6068,1015,39000,
Glasgow City,2025-26,9722,149.5,5472,839,41255,
Highland,2013-14,734,31.5,1838,500,2550,
Highland,2014-15,512,22.0,1390,361,4090,21.4
Highland,2015-16,568,24.3,1227,352,4140,22.8
Highland,2016-17,666,28.4,1409,260,4515,22.8
Highland,2017-18,865,36.8,1301,287,4335,23.3
Highland,2018-19,1105,47.1,1081,230,3890,22.6
Highland,2019-20,919,39.2,961,279,3935,23.6
Highland,2020-21,638,27.3,759,241,4390,20.5
Highland,2021-22,710,30.1,832,201,6730,22.8
Highland,2022-23,848,36.0,1043,259,6165,23.3
Highland,2023-24,1492,63.1,1001,253,5295,22.1
Highland,2024-25,1349,56.8,952,244,5060,
Highland,2025-26,1152,48.6,844,165,5925,
Inverclyde,2013-14,503,62.2,532,307,1760,
Inverclyde,2014-15,388,48.1,540,364,2170,20.9
Inverclyde,2015-16,300,37.3,518,324,2315,23.0
Inverclyde,2016-17,326,40.7,450,222,2600,22.1
Inverclyde,2017-18,347,43.5,478,209,3135,23.3
Inverclyde,2018-19,434,54.7,441,160,3450,23.3
Inverclyde,2019-20,490,61.9,466,162,3345,23.8
Inverclyde,2020-21,401,51.1,383,170,3385,18.2
Inverclyde,2021-22,481,61.3,329,108,2675,24.4
Inverclyde,2022-23,497,63.4,415,145,2835,26.1
Inverclyde,2023-24,648,82.3,439,128,2200,22.4
Inverclyde,2024-25,739,93.7,302,118,1800,
Inverclyde,2025-26,1111,140.7,327,113,1975,
Midlothian,2013-14,410,48.2,892,509,2620,
Midlothian,2014-15,349,40.2,1018,560,2895,21.8
Midlothian,2015-16,438,49.6,832,486,2925,21.1
Midlothian,2016-17,614,68.6,737,587,3080,23.4
Midlothian,2017-18,779,85.6,752,466,3715,23.8
Midlothian,2018-19,820,89.0,706,353,4085,22.5
Midlothian,2019-20,637,68.2,578,260,4525,23.9
Midlothian,2020-21,508,53.9,445,181,5180,20.0
Midlothian,2021-22,596,62.3,487,194,6975,22.7
Midlothian,2022-23,522,53.8,530,201,7810,23.2
Midlothian,2023-24,505,51.4,445,263,6765,24.6
Midlothian,2024-25,875,87.6,484,156,7160,
Midlothian,2025-26,873,87.4,480,159,7315,
Moray,2013-14,192,20.5,740,278,2100,
Moray,2014-15,224,23.8,534,211,2225,20.8
Moray,2015-16,249,26.3,553,193,2210,22.0
Moray,2016-17,213,22.4,436,138,2705,23.1
Moray,2017-18,182,19.2,409,105,2565,23.2
Moray,2018-19,238,25.3,362,103,2425,21.9
Moray,2019-20,226,24.0,331,107,2520,23.4
Moray,2020-21,188,20.1,261,113,2380,21.3
Moray,2021-22,201,21.3,298,108,2465,24.1
Moray,2022-23,176,18.7,303,122,2740,23.9
Moray,2023-24,306,32.3,306,90,2165,23.0
Moray,2024-25,334,35.1,324,55,2010,
Moray,2025-26,448,47.2,277,79,2530,
Na h-Eileanan Siar,2013-14,26,9.5,84,17,125,
Na h-Eileanan Siar,2014-15,28,10.3,99,19,190,17.5
Na h-Eileanan Siar,2015-16,29,10.7,50,13,205,20.6
Na h-Eileanan Siar,2016-17,22,8.3,71,6,190,20.8
Na h-Eileanan Siar,2017-18,25,9.4,42,4,180,19.6
Na h-Eileanan Siar,2018-19,35,13.2,55,10,190,18.7
Na h-Eileanan Siar,2019-20,21,8.0,35,10,205,20.7
Na h-Eileanan Siar,2020-21,11,4.2,38,7,280,16.7
Na h-Eileanan Siar,2021-22,9,3.4,36,3,290,19.8
Na h-Eileanan Siar,2022-23,51,19.5,53,4,295,18.5
Na h-Eileanan Siar,2023-24,45,17.3,47,7,245,19.7
Na h-Eileanan Siar,2024-25,47,18.1,32,7,300,
Na h-Eileanan Siar,2025-26,35,13.5,39,4,310,
North Ayrshire,2013-14,650,47.4,1550,776,4255,
North Ayrshire,2014-15,728,53.3,1417,637,6380,24.8
North Ayrshire,2015-16,629,46.2,1355,498,6070,26.5
North Ayrshire,2016-17,653,48.0,1385,347,5920,26.2
North Ayrshire,2017-18,688,50.7,1336,335,6055,27.4
North Ayrshire,2018-19,671,49.6,1279,332,8185,27.1
North Ayrshire,2019-20,724,53.8,1235,274,8355,27.9
North Ayrshire,2020-21,611,45.6,1133,262,6665,24.7
North Ayrshire,2021-22,705,52.7,806,197,5530,29.0
North Ayrshire,2022-23,853,63.9,718,187,6830,29.2
North Ayrshire,2023-24,1094,81.8,712,220,6200,24.3
North Ayrshire,2024-25,1054,78.7,631,142,5890,
North Ayrshire,2025-26,1131,84.5,586,127,6140,
North Lanarkshire,2013-14,1504,44.5,3324,1347,8450,
North Lanarkshire,2014-15,1595,47.1,2996,1176,16265,23.9
North Lanarkshire,2015-16,1614,47.7,2627,951,17200,25.5
North Lanarkshire,2016-17,1508,44.4,2962,1123,18895,25.2
North Lanarkshire,2017-18,1854,54.5,2514,976,17890,26.3
North Lanarkshire,2018-19,2087,61.3,2788,923,16195,25.5
North Lanarkshire,2019-20,2121,62.1,2768,992,17165,26.5
North Lanarkshire,2020-21,1235,36.2,1974,644,15965,23.2
North Lanarkshire,2021-22,1227,35.9,1808,566,18380,26.6
North Lanarkshire,2022-23,1528,44.8,1986,561,19050,26.9
North Lanarkshire,2023-24,2231,65.1,1894,618,20310,24.9
North Lanarkshire,2024-25,2267,65.8,1634,517,19835,
North Lanarkshire,2025-26,2365,68.6,1479,474,19985,
Orkney Islands,2013-14,25,11.6,63,25,45,
Orkney Islands,2014-15,21,9.8,47,11,70,20.3
Orkney Islands,2015-16,14,6.5,47,5,75,20.7
Orkney Islands,2016-17,16,7.4,72,8,75,21.9
Orkney Islands,2017-18,14,6.5,55,13,70,22.4
Orkney Islands,2018-19,27,12.4,66,7,80,21.2
Orkney Islands,2019-20,30,13.7,49,2,75,22.7
Orkney Islands,2020-21,11,5.0,26,3,120,18.2
Orkney Islands,2021-22,12,5.4,30,4,100,20.1
Orkney Islands,2022-23,30,13.6,37,5,110,19.3
Orkney Islands,2023-24,35,15.9,38,11,140,18.6
Orkney Islands,2024-25,32,14.5,30,8,180,
Orkney Islands,2025-26,34,15.5,48,20,190,
Perth and Kinross,2013-14,404,27.5,1115,339,2150,
Perth and Kinross,2014-15,544,36.8,1106,329,3425,19.9
Perth and Kinross,2015-16,534,36.0,1067,310,3085,21.2
Perth and Kinross,2016-17,529,35.5,898,176,3590,21.4
Perth and Kinross,2017-18,707,47.3,707,210,3530,22.4
Perth and Kinross,2018-19,622,41.7,659,224,3870,21.1
Perth and Kinross,2019-20,661,44.1,666,242,4605,22.6
Perth and Kinross,2020-21,540,36.2,629,227,6195,18.7
Perth and Kinross,2021-22,453,30.0,663,222,5460,21.9
Perth and Kinross,2022-23,526,34.8,791,217,6450,21.7
Perth and Kinross,2023-24,785,51.3,768,181,7425,19.2
Perth and Kinross,2024-25,812,52.6,669,180,7785,
Perth and Kinross,2025-26,1194,77.4,672,140,8145,
Renfrewshire,2013-14,765,43.8,1841,838,6850,
Renfrewshire,2014-15,841,48.0,1805,603,8530,19.3
Renfrewshire,2015-16,834,47.4,1453,531,8420,20.4
Renfrewshire,2016-17,828,46.7,1213,389,8495,21.3
Renfrewshire,2017-18,983,55.1,1355,429,8715,22.8
Renfrewshire,2018-19,1066,59.3,1415,369,9010,21.9
Renfrewshire,2019-20,977,53.9,1345,349,9105,23.1
Renfrewshire,2020-21,528,29.1,1044,300,9965,19.5
Renfrewshire,2021-22,669,36.7,1247,239,9795,23.3
Renfrewshire,2022-23,826,44.8,1372,191,10665,24.0
Renfrewshire,2023-24,1186,63.4,1270,224,9825,21.0
Renfrewshire,2024-25,1485,78.5,1151,203,8930,
Renfrewshire,2025-26,1574,83.1,961,192,9370,
Scottish Borders,2013-14,327,28.6,632,233,2225,
Scottish Borders,2014-15,339,29.5,626,247,2120,20.9
Scottish Borders,2015-16,235,20.5,532,198,2290,22.5
Scottish Borders,2016-17,287,24.8,592,195,2245,23.2
Scottish Borders,2017-18,353,30.4,574,238,2010,23.9
Scottish Borders,2018-19,348,29.9,557,256,2160,22.5
Scottish Borders,2019-20,313,26.9,576,199,2500,24.2
Scottish Borders,2020-21,210,18.0,463,173,2365,19.5
Scottish Borders,2021-22,245,20.9,428,179,2340,23.4
Scottish Borders,2022-23,289,24.8,459,166,2695,23.6
Scottish Borders,2023-24,382,32.7,402,117,2415,21.5
Scottish Borders,2024-25,408,34.9,369,125,2455,
Scottish Borders,2025-26,444,38.0,419,142,2570,
Shetland Islands,2013-14,21,9.1,81,25,120,
Shetland Islands,2014-15,46,19.7,70,25,140,13.3
Shetland Islands,2015-16,48,20.5,88,14,190,15.2
Shetland Islands,2016-17,19,8.2,57,9,200,16.0
Shetland Islands,2017-18,23,9.9,28,6,225,17.1
Shetland Islands,2018-19,22,9.6,34,13,170,14.4
Shetland Islands,2019-20,48,20.9,59,24,230,15.8
Shetland Islands,2020-21,13,5.7,19,7,100,18.7
Shetland Islands,2021-22,17,7.4,29,2,125,15.4
Shetland Islands,2022-23,18,7.8,42,8,135,16.4
Shetland Islands,2023-24,16,6.9,28,9,125,14.5
Shetland Islands,2024-25,12,5.2,22,6,125,
Shetland Islands,2025-26,6,2.6,32,4,160,
South Ayrshire,2013-14,542,48.1,1256,521,2545,
South Ayrshire,2014-15,661,58.8,1148,461,2850,22.7
South Ayrshire,2015-16,742,66.0,960,426,1775,23.5
South Ayrshire,2016-17,703,62.6,739,256,2465,24.2
South Ayrshire,2017-18,890,79.2,819,260,2445,24.6
South Ayrshire,2018-19,986,88.1,790,278,3435,24.6
South Ayrshire,2019-20,925,82.6,768,263,3665,24.8
South Ayrshire,2020-21,701,62.8,682,242,4325,20.6
South Ayrshire,2021-22,713,64.0,609,150,4680,24.4
South Ayrshire,2022-23,931,83.5,542,170,4860,25.0
South Ayrshire,2023-24,1143,102.1,506,159,3520,20.7
South Ayrshire,2024-25,968,86.2,466,114,3580,
South Ayrshire,2025-26,951,84.8,416,84,4115,
South Lanarkshire,2013-14,1354,42.9,2665,1204,8140,
South Lanarkshire,2014-15,1218,38.4,2480,1089,6650,21.5
South Lanarkshire,2015-16,1361,42.8,2168,993,6335,22.4
South Lanarkshire,2016-17,1306,40.9,2076,836,6040,22.5
South Lanarkshire,2017-18,1696,53.0,2132,897,5355,23.5
South Lanarkshire,2018-19,1983,61.7,2246,743,6065,22.5
South Lanarkshire,2019-20,1780,55.1,2223,720,6650,23.1
South Lanarkshire,2020-21,1238,38.3,1619,437,10055,19.6
South Lanarkshire,2021-22,1236,38.0,1485,369,10950,22.8
South Lanarkshire,2022-23,1726,52.8,1586,388,11000,23.6
South Lanarkshire,2023-24,2113,63.8,1556,388,10085,19.5
South Lanarkshire,2024-25,2614,78.2,1375,297,9730,
South Lanarkshire,2025-26,2545,76.2,1177,336,10185,
Stirling,2013-14,436,48.3,820,275,1360,
Stirling,2014-15,432,47.9,966,373,2535,19.6
Stirling,2015-16,337,37.1,745,252,2415,20.0
Stirling,2016-17,410,44.7,586,198,2720,20.1
Stirling,2017-18,389,42.4,586,230,3185,21.2
Stirling,2018-19,462,50.3,643,216,3300,20.2
Stirling,2019-20,352,38.2,650,169,3500,21.3
Stirling,2020-21,241,26.2,539,161,3865,18.1
Stirling,2021-22,221,24.2,466,103,4030,20.8
Stirling,2022-23,226,24.4,574,124,4320,20.8
Stirling,2023-24,372,39.7,555,160,3925,20.4
Stirling,2024-25,423,44.9,480,108,3795,
Stirling,2025-26,398,42.2,479,99,3965,
West Dunbartonshire,2013-14,532,59.1,871,297,6860,
West Dunbartonshire,2014-15,570,63.4,732,177,5180,23.4
West Dunbartonshire,2015-16,621,69.0,619,223,5145,24.5
West Dunbartonshire,2016-17,573,63.5,663,206,5415,25.1
West Dunbartonshire,2017-18,636,70.6,593,188,5855,26.9
West Dunbartonshire,2018-19,726,81.0,631,143,5715,26.3
West Dunbartonshire,2019-20,580,64.8,521,179,5950,26.8
West Dunbartonshire,2020-21,322,36.2,485,205,9105,23.4
West Dunbartonshire,2021-22,406,45.9,513,140,6845,27.6
West Dunbartonshire,2022-23,440,49.9,518,146,6140,28.0
West Dunbartonshire,2023-24,735,82.6,590,164,7090,25.2
West Dunbartonshire,2024-25,790,88.6,474,117,8055,
West Dunbartonshire,2025-26,901,101.1,548,134,9065,
West Lothian,2013-14,904,51.6,1856,681,3775,
West Lothian,2014-15,861,48.9,1782,671,4175,21.3
West Lothian,2015-16,940,53.1,1774,522,4110,22.1
West Lothian,2016-17,1052,59.0,1339,449,5550,23.0
West Lothian,2017-18,831,46.4,1313,377,6310,23.8
West Lothian,2018-19,1032,57.5,1510,511,7995,22.9
West Lothian,2019-20,961,53.5,1597,411,8645,24.6
West Lothian,2020-21,807,44.9,1354,282,12785,21.1
West Lothian,2021-22,762,42.1,1160,220,12620,23.9
West Lothian,2022-23,754,41.5,1366,283,12875,24.6
West Lothian,2023-24,1165,63.2,1071,281,9840,24.1
West Lothian,2024-25,1589,85.2,911,244,8825,
West Lothian,2025-26,1746,93.7,965,298,9030,
Scotland,2013-14,27693,52.1,58794,22272,114520,
Scotland,2014-15,27364,51.3,53539,20607,142975,
Scotland,2015-16,28424,53.1,46419,17637,143425,
Scotland,2016-17,28650,53.3,45173,16299,165075,
Scotland,2017-18,31321,58.2,44437,15130,174300,
Scotland,2018-19,33523,62.2,42880,13777,193320,
Scotland,2019-20,30688,56.7,41421,12903,222065,
Scotland,2020-21,20557,38.0,32017,9706,271610,
Scotland,2021-22,22913,42.3,33305,8489,267930,
Scotland,2022-23,28619,52.5,37084,8796,291585,
Scotland,2023-24,38674,70.2,34311,9033,260015,
Scotland,2024-25,44730,80.6,31905,7381,244945,
Scotland,2025-26,53369,96.3,30320,6968,258490,
